{"name":"Lesson 4: The famous for","id":"3a4f7e8b-507f-4ad7-bdc3-d2fd90bd6aed","children":[{"id":"6b5bdaaa-9886-4d03-b88e-f48cdaac5e30","name":"Activity 2","guide":"c01.md","py":"c01.py","isExample":true,"tests":[{"in":["blue"],"out":".*I also like blue"},{"in":["red"],"out":".*I also like red"}],"typ":"py","additionalFiles":[{"filename":"gadsby.txt","visible":true},{"filename":"textfile.py","visible":true}]},{"id":"8ed91e54-f526-4131-9c0d-c6263b6dfa41","name":"Activity 3 - Examples","tests":[],"additionalFiles":[],"py":"c02.py","guide":"c02.md","children":[{"id":"03d54577-3027-476b-afd4-ae428e5562ba","name":"Worked Example 1 - Iterating over items","tests":[],"additionalFiles":[],"py":"c03.py","guide":"c03.md","typ":"py"},{"id":"82fb1025-00e1-41f6-a2e9-d5267f3a2dcd","name":"Worked Example 2 - Counting selected items","tests":[],"additionalFiles":[],"py":"c04.py","guide":"c04.md","typ":"py"},{"id":"03fc3062-b710-4abf-834b-1ebb66351ff4","name":"Worked example 3 - Collecting selected items into a list","tests":[],"additionalFiles":[],"py":"c05.py","guide":"c05.md","typ":"py"}]},{"id":"25d22301-7287-499c-94bc-fe3906b8f8f1","name":"Activity 3 - English Words task","tests":[],"additionalFiles":[],"py":"c06.py","guide":"c06.md","children":[{"id":"8c701abf-442d-4dc1-9adf-561e787df7ae","name":"Task 1","tests":[],"additionalFiles":[{"filename":"words_alpha.txt","visible":true},{"filename":"textfile.py","visible":true},{"filename":"data.py","visible":true}],"py":"c07.py","guide":"c07.md","typ":"py"},{"id":"a1f85272-66f8-4eb8-bd60-704d13188252","name":"Task 2","tests":[],"additionalFiles":[{"filename":"data.py","visible":true},{"filename":"words_alpha.txt","visible":true},{"filename":"textfile.py","visible":true}],"py":"c08.py","guide":"c08.md","typ":"py"}]},{"id":"def2956f-301c-4b45-a3d2-ec2d7fedd724","name":"Explorer Task","tests":[],"additionalFiles":[],"py":"c09.py","guide":"c09.md","children":[{"id":"87b84c28-41dc-4926-b100-930ffcf0f9d3","name":"The Longest Word","tests":[],"additionalFiles":[],"py":"c10.py","guide":"c10.md","typ":"py"},{"id":"628d6806-dba2-489e-927e-b1f814692bd6","name":"Explorer Task 2","tests":[],"additionalFiles":[],"py":"c11.py","guide":"c11.md"}]}]}