{"name":"L6 - Make a Thing","id":"a5e53d14-def6-4880-80b4-ae0b4311a2e4","children":[{"id":"1667a8cb-1fa6-4039-bd1b-f74cd6a4b50e","name":"A1 - Accumulation","guide":"c01.md","py":"c01.py","isExample":true,"tests":[{"in":["blue"],"out":".*I also like blue"},{"in":["red"],"out":".*I also like red"}],"typ":"py","additionalFiles":[]},{"id":"7126bc31-a084-4df9-aee9-34d6a0bf146a","name":"A2 - for practise - Count the Vowels","tests":[],"additionalFiles":[],"py":"c02.py","guide":"c02.md","typ":"parsons"},{"id":"7555cb61-3bca-48c3-ba00-ad41434b1781","name":"A2 - for practise - Sum the Digits","tests":[],"additionalFiles":[],"py":"c03.py","guide":"c03.md","typ":"py"},{"id":"5a29ebfb-07c1-42b9-8ef1-2ddbf50e33cd","name":"A3 - Mini Project","tests":[],"additionalFiles":[],"py":"c04.py","guide":"c04.md","typ":"py"}]}